ID,Узел,Функция,Тип позиции,Входит в модуль (ID),Название,Определённость названия,Статус решения,№ спорного пункта,Кол-во на канал,Число каналов,Всего,Сторона,Размещение,Ссылка,"Цена за шт., ₽","Есть, шт.","Докупить, шт.","Стоимость докупки, ₽",Аккуратно!,Источник,Примечание
E-001,Питание,Блок питания 220 → 24 В (внешний адаптер),Модуль,,"Mean Well GST220A24-R7B, 24 В, 9,2 А, 221 Вт, штекер DIN 4-pin (R7B)",Выбран,Утверждено,,1,1,1,Силовая,—,https://www.chipdip.ru/product/gst220a24-r7b-blok-pitaniya-24b-9.2a-221vt-mean-well-9000420376,5860,0,1,5860,Нет,чат 15.09 (утверждено Mikhail),"Вне корпуса, «ноутбучная» схема: 220 В в стенд не заходит. Сетевой шнур C13 покупается отдельно. Прежний кандидат — Ecola LED 200 Вт IP20 (ozon.ru/t/higU70q), судьба уточняется"
E-002,Питание,Кнопка включения питания (коммутирует катушку реле шины 24 В),Компонент,,"Антивандальная 22 мм, с фиксацией, индикатор 24 В",Выбран,Утверждено,,1,1,1,Силовая,Панель,https://ozon.ru/t/zLw6TpD,376,0,1,376,Нет,чат 15.09 (утверждено Mikhail),"Через контакт — только ток катушки реле (замыкает A2 на GND_P); подсветка 24 В с выхода реле (горит, когда +24 подан). Разъём на PS — XP1 4-конт. (E-092): контакт 1–2, подсветка 3–4. Прежний — тумблер REXANT 15 А (ozon.ru/t/j7BR2sW), судьба уточняется"
E-003,Питание,"Предохранитель шины 24 В (после DC-гнезда, до реле)",Компонент,,Предохранитель флажковый (ATO) 10 А + держатель на провод с крышкой АЭНК 8219 (до 30 А),Выбран,Утверждено,,1,1,1,Силовая,Корпус,https://www.chipdip.ru/product/8219-derzhatel-predohranitelya-flazhkovogo-avtoelektronika-8012694315,0,0,1,0,Нет,чат 15.09 (утверждено Mikhail),"Внутри корпуса, врезается в линию +24 между DC-гнездом и реле NRP-15. Цена держателя не заполнена"
E-004,Питание,TVS шины 24 В,Компонент,,"SMCJ26A (однонаправленный, 26 В, 1500 Вт)",Выбран,Утверждено,,1,1,1,Силовая,PS,,0,0,1,0,Нет,доска + чат 15.09 (утверждено Mikhail),Параллельно шине +24 после предохранителя; ограничение ниже пределов XL4015E (38 В) и DRV8871 (45 В). SMBJ28A с доски отклонён (R-015)
E-007,Питание,DC-DC 24 → 5P (силовые 5 В),Модуль,,"XL4015E, 5 А, регулируемый",Выбран,Утверждено,,1,1,1,Силовая,PS,https://ozon.ru/t/v0TomWG,189,0,1,189,Нет,лист питания,"Выставить 5,0 В и зафиксировать; питает ТОЛЬКО +5P: катушки NRP-02 ×16 (~640 мА), оптореле, выходы 6N137. Остров — от E-010"
E-008,Питание,Индикатор «+5P есть»,Компонент,,Светодиод 2 В (жёлтый по реестру),Выбран,Утверждено,,1,1,1,Силовая,Панель,https://ozon.ru/t/1fZdgL1,68,0,1,68,Нет,лист питания,Цвет не фиксирован
E-009,Питание,Резистор индикатора +5P,Компонент,,150 Ом,Выбран,Утверждено,,1,1,1,Силовая,PS,https://ozon.ru/t/QWYR5Dy,84,0,1,84,Нет,лист питания,≈20 мА
E-010,Питание,Изолированный DC-DC 24 → 5 (логический остров),Компонент,,"Mornsun VRB2405YMD-10WR3 (24 → 5 В, 10 Вт / 2 А, стабилизированный, изоляция 1,5 кВ)",Выбран,Утверждено,,1,1,1,Граница,PS,,0,0,1,0,Нет,чат 15.09 (утверждено Mikhail),"Питается от шины +24 (не от XL4015E). Остров ≈0,4 А + линия схвата до 1 А (E-083). Выводы по datasheet Mornsun 2026.03 (YMD, 25,4 × 25,4): 1 Ctrl (свободен), 2 GND, 3 Vin, 4 +Vo, 5 нет вывода, 6 0V; вывод ⌀1,0, отверстие 1,5. B0505S-1W из реестра не используется (R-013)"
E-011,Питание,"Источник 3,3 В логики",Компонент,,"Пин 3V3 платы YD-ESP32-S3 (бортовой LDO 5→3,3 В, 1 А)",Выбран,Утверждено,,1,1,1,Логическая,MC,,0,0,1,0,Нет,чат 15.09 (утверждено Mikhail),"Отдельного компонента нет. Потребители: TCA9548A, подтяжки I2C/RST, подтяжка выхода оптрона KH (<20 мА)"
E-012,Питание,Дроссель фильтра +5P (L1),Компонент,,"Talema DPO-3.0-22 — тороид 22 мкГн, 3 А, 50 мОм, ⌀14 × 8 мм, выводы 0,5 мм",Выбран,Утверждено,,1,1,1,Силовая,PS,https://www.chipdip.ru/product/dpo-3-0-22-drossel-pomehopodavlyayuschiy-dpu-22mkgn-talema-8002552890,0,0,1,0,Нет,чат 17.09 (утверждено Mikhail),"LC-фильтр пульсаций после модуля XL4015E вне его петли ОС: L1 + C1 (E-093) + C2 (E-094), f₀ ≈ 1,6 кГц; падение ≈ 50 мВ/А. Footprint L_Toroid_D20_P10.16mm. Цена не заполнена"
E-020,Контроллер,Микроконтроллер,Модуль,,YD-ESP32-S3 N16R8 DevKit (ESP32-S3-DevKitC-1 clone),Выбран,Утверждено,,1,1,1,Логическая,MC,https://ozon.ru/t/Wcg9F9p,966,1,0,0,Да,доска + чат 15.09,"Распиновка принята («Аккуратно!»); ПК — родной USB GPIO19/20, запас CH343 GPIO43/44; VIN от изолированных +5; GPIO48 — концевик M1 (предложение)"
E-021,Контроллер,Подтяжки главной шины I2C,Компонент,,"4,7 кОм на 3,3 В",Выбран,Предложение,,2,1,2,Логическая,MC,,0,0,2,0,Нет,чат 15.09,На модуле ESP32 подтяжек нет
E-022,I2C/датчики,Мультиплексор I2C,Модуль,,CJMCU-9548 (TCA9548A/PCA9548A),Выбран,Утверждено,,1,1,1,Логическая,MC,https://ozon.ru/t/QWYQvBC,518,1,0,0,Нет,доска + чат 15.09,"VCC 3,3 В; A2 GND; A0/A1 от ESP32 (GPIO47/38); каналы 0–3"
E-023,I2C/датчики,Подтяжка RST мультиплексора,Компонент,,"10 кОм на 3,3 В",Выбран,Утверждено,,1,1,1,Логическая,MC,,0,0,1,0,Нет,чат 15.09,+ линия на GPIO42
E-024,Режим ЛР,Кнопка переключения режима KH,Компонент,,"EKF S-Pro67, 19 мм, с фиксатором, белая подсветка 24 В",Выбран,Утверждено,,1,1,1,Силовая,Панель,https://ozon.ru/t/3QXN2ZT,487,0,1,487,Нет,чат 15.09 (утверждено Mikhail),"Контакт коммутирует +5P на шину KH; подсветка от +24 с PS (XP5, E-018) кабелем напрямую к кнопке, минуя плату LR. Уточнить группу контактов (нужен 1×NO)"
E-025,Режим ЛР,Подтяжка шины KH на землю,Компонент,,1 кОм,Выбран,Утверждено,,1,1,1,Силовая,MC,https://ozon.ru/t/gmtx6pg,79,0,1,79,Нет,лист питания,
E-026,Режим ЛР,Оптореле сигнала KH → ESP32,Компонент,,"КР293КП2Б (из запаса: в реестре 12 шт., на RELE нужно 4)",Выбран,Утверждено,,1,1,1,Граница,MC,https://ozon.ru/t/sXzB21l,73,0,1,73,Нет,чат 15.09 (утверждено Mikhail),Статический сигнал — скорость не важна; выход замыкает GPIO41 на GND_L; вход инвертный (в ПО). PC817 отклонён (R-014)
E-027,Режим ЛР,Резисторы оптореле KH,Компонент,,"470 Ом (LED, от шины KH 5 В, ~8 мА) + 10 кОм (подтяжка GPIO41 к 3,3 В)",Выбран,Предложение,,2,1,2,Граница,MC,,0,0,2,0,Нет,чат 15.09,Номиналы — предложение под КР293КП2Б (LED ≤10 мА)
E-030,Канал привода,Драйвер ДПТ,Модуль,,"DRV8871 (модуль, клон Adafruit), 6,5–45 В",Кандидат,Уточняется,(6),1,4,4,Силовая,CH,https://ozon.ru/t/tPvFr4r,0,4,0,0,Нет,доска,"Ждёт мотора: до 3,6 А пик / ~2 А длит. Посадочное место сделать разъёмным"
E-031,Канал привода,Микросхема драйвера на модуле,Внутри модуля,E-030,DRV8871DDAR,Выбран,Уточняется,(6),1,4,4,Силовая,CH,,0,0,0,0,Нет,модуль,Приходит с модулем E-030
E-032,Канал привода,Изолятор PWM IN1/IN2,Компонент,,6N137,Выбран,Утверждено,,2,4,8,Граница,CH,,0,0,8,0,Нет,чат 14.09,Замена КР293КП2Б на PWM 20 кГц; выход инвертирующий (в ПО)
E-033,Канал привода,Резистор LED 6N137,Компонент,,220 Ом,Выбран,Утверждено,,2,4,8,Логическая,CH,,0,0,8,0,Нет,чат 14.09,"Общий для ESP32 (3,3 В) и студента (3,3/5 В)"
E-034,Канал привода,Подтяжка выхода 6N137 к +5P,Компонент,,"4,7 кОм",Выбран,Предложение,,2,4,8,Силовая,CH,,0,0,8,0,Нет,чат 15.09,
E-035,Канал привода,Оптореле сигнала RELE,Компонент,,КР293КП2Б,Выбран,Утверждено,,1,4,4,Граница,CH,https://ozon.ru/t/sXzB21l,73,0,4,292,Нет,доска,В реестре 12 шт. → нужно 4 (упаковка по 3)
E-036,Канал привода,Резистор LED оптореле,Компонент,,150 Ом,Выбран,Утверждено,,1,4,4,Логическая,CH,https://ozon.ru/t/QWYR5Dy,84,0,4,336,Нет,доска,≤10 мА
E-037,Канал привода,Реле аварийного отключения питания ДПТ,Компонент,,"HF49FD/005-1H11 (Hongfa, 5 В, 5 А, 30 В DC)",Кандидат,Уточняется,(7),1,4,4,Силовая,CH,https://ozon.ru/t/ukwD77G,108,0,4,432,Нет,доска,Годится только при стопорном токе мотора ≤ 5 А; катушка 24 мА через КР293КП2Б
E-038,Канал привода,Датчик тока,Модуль,,"ACS712-20A (модуль), 100 мВ/А",Выбран,Утверждено,,1,4,4,Граница,CH,https://ozon.ru/t/1fZ9B9H,130,4,0,0,Нет,доска + чат 14.09,Сигнальная часть — логические +5; измеряемая цепь — силовая
E-039,Канал привода,Микросхема датчика тока на модуле,Внутри модуля,E-038,ACS712ELCTR-20A,Выбран,Утверждено,,1,4,4,Граница,CH,,0,0,0,0,Нет,модуль,Приходит с модулем E-038
E-040,Канал привода,Согласование выхода ACS712 с ADC ESP32,Компонент,,Делитель 10 кОм + 20 кОм,Кандидат,Предложение,(9),2,4,8,Логическая,CH,,0,0,8,0,Нет,чат 14.09,"0–5 В → 0–3,3 В; не утверждено"
E-041,Канал привода,Двигатель ДПТ 24 В,Компонент,,(кандидат FGA-43246000-G149 отложен),Только функция,Уточняется,(8),1,4,4,Силовая,Звено,,0,0,4,0,Нет,чат 14.09,"Определяет (2), (6), (7), (16). Нужны момент, скорость, номинальный ток"
E-042,I2C/датчики,Датчик положения звена,Модуль,,AS5600 (модуль),Выбран,Утверждено,,1,4,4,Логическая,Звено,,0,4,0,0,Нет,доска,"Питание — логические +5/3,3 В (остров), не +5P; M2…M4 — через кольцо"
E-043,I2C/датчики,Микросхема энкодера на модуле,Внутри модуля,E-042,AS5600-ASOM,Выбран,Утверждено,,1,4,4,Логическая,Звено,,0,0,0,0,Нет,модуль,Приходит с модулем E-042
E-044,I2C/датчики,Подтяжки I2C на модуле AS5600,Внутри модуля,E-042,10 кОм (типично для модулей),Кандидат,Уточняется,,2,4,8,Логическая,Звено,,0,0,0,0,Нет,чат 15.09,Проверить наличие на конкретном модуле; должны быть на стороне энкодера
E-050,Режим ЛР,"Реле переключения режима (IN1, IN2, SDA, SCL)",Компонент,,"NRP-02-C-05DH, 5 В, SPDT, 3 А",Выбран,Утверждено,,4,4,16,Граница,CH,https://www.chipdip.ru/product/nrp-02-c-05dh-rele-1-pereklyuch-5vdc-3a-125vac-spdt-na-ncr-9000276611,51,0,16,816,Нет,доска + ChipDip,"Катушки от шины KH (+5P), ~40 мА каждая; сторона — граница: катушки от +5P, контакты в логических цепях"
E-051,Режим ЛР,Клеммы разъёма внешнего управления звеном,Компонент,,,Только функция,Уточняется,(тип),5,4,20,Логическая,LR,,0,0,20,0,Да,чат 15.09,"Раскладка 2×3: SCL, SDA, GND / IN1, IN2, пусто. Варианты (банан 4 мм, приборные, барьерные) отложены. Разъём на логической земле"
E-052,Режим ЛР,Защита SDA/SCL разъёма ЛР — последовательный резистор,Компонент,,100 Ом,Кандидат,Предложение,,2,4,8,Логическая,LR,,0,0,8,0,Да,чат 15.09,"Решение «добавить защиту» принято, номиналы — предложение"
E-053,Режим ЛР,Защита SDA/SCL разъёма ЛР — ограничитель,Компонент,,"BAT54S (сборка на 3,3 В и GND)",Кандидат,Предложение,,2,4,8,Логическая,LR,,0,0,8,0,Да,чат 15.09,
E-054,Режим ЛР,Защита IN1/IN2 разъёма ЛР — встречный диод,Компонент,,1N4148 или аналог,Кандидат,Предложение,,2,4,8,Логическая,LR,,0,0,8,0,Да,чат 15.09,От отрицательного напряжения / переполюсовки на LED 6N137
E-060,Индикация,Расширитель портов для индикации,Компонент,,PCF8574 (DIP или модуль),Кандидат,Предложение,,1,1,1,Логическая,LR,,0,0,1,0,Да,чат 14.09,Принцип «через мультиплексор» утверждён; PCF8574 — предложение. 8 выходов = 4 двухцветных LED без запаса
E-061,Индикация,Индикатор состояния звена,Компонент,,"Двухцветный LED зелёный/красный, 3 вывода",Только функция,Утверждено,,1,4,4,Логическая,LR,,0,0,4,0,Да,чат 15.09,Логика свечения — в требования к ПО
E-062,Индикация,Резисторы индикаторов звеньев,Компонент,,150 Ом,Выбран,Предложение,,2,4,8,Логическая,LR,,0,0,8,0,Нет,чат 15.09,"Аноды к +3,3, катоды на PCF8574 (зажигание нулём)"
E-070,Схват,Соединение съёмного схвата,Модуль,,"Магнитный pogo-разъём 2-pin, шаг 2,8 мм",Кандидат,Уточняется,(14),4,1,4,Граница,Схват,https://market.yandex.ru/cc/AwZszU,150,0,4,600,Нет,реестр,Нужно 6 + 1 резерв контактов → 4 пары; проверить ток пина для +24 / 2 А
E-071,Схват,"Электроника схвата (контроллер, драйвер M5, датчики)",Компонент,,,Только функция,Уточняется,(13),1,1,1,—,GR,,0,0,1,0,Нет,ТЗ v0.2,"Отдельное ТЗ; датчики схвата — внутри, по UART"
E-072,Схват,Двигатель схвата M5,Компонент,,"Коллекторный ДПТ 24 В, ≤ 2 А",Только функция,Уточняется,(13),1,1,1,Силовая,Схват,,0,0,1,0,Нет,чат 14.09,
E-073,Схват,Защита линии ESP-RX от 5-вольтового передатчика,Компонент,,"Делитель / ограничитель до 3,3 В",Кандидат,Предложение,,1,1,1,Логическая,MC,,0,0,1,0,Нет,чат 14.09,"Контроллер схвата не выбран (3,3 или 5 В)"
E-080,Кольцо/провода,Токосъёмное кольцо платформы,Компонент,,,Только функция,Уточняется,(16),1,1,1,Граница,Корпус,,0,0,1,0,Нет,доска,"Дорожки: 6 силовых (M2…M4, ток по мотору) + I2C и +5/GND энкодеров + 6–7 схвата; силовые и логические дорожки раздельно"
E-081,Кольцо/провода,Провод силовой,Компонент,,20–22 AWG,Выбран,Утверждено,,1,1,1,Силовая,—,,0,0,1,0,Нет,реестр,"Бухта; Участок DC-гнездо → предохранитель → реле NRP-15 (полный ток 9,2 А) — 18 AWG (утверждено 16.09)"
E-082,Кольцо/провода,Провод сигнальный,Компонент,,30 AWG,Выбран,Утверждено,,1,1,1,Логическая,—,,0,0,1,0,Нет,реестр,"I2C, UART; для +5 логики к схвату лучше 26–28 AWG"
E-013,Питание,Реле шины 24 В (включение питания стенда),Компонент,,"NRP-15-C-24D (NCR), катушка 24 В DC 619 Ом / 39 мА / 0,93 Вт, контакт 1C: 20 А 28 В DC (30 А — только 1A)",Выбран,Утверждено,,1,1,1,Силовая,PS,https://www.chipdip.ru/product/nrp-15-c-24d,0,0,1,0,Нет,чат 15.09 (утверждено Mikhail),"Контакт COM–NO рвёт шину +24 после предохранителя; A1 — +24V_IN постоянно, A2 — на GND_P через контакт кнопки E-002 (XP1). NC не используется. По datasheet NCR NRP15 (ncr.hk): 1C — 20 А/28 В DC. Footprint Relay_NRP-15_1C — вид снизу datasheet зеркалирован, перед пайкой прозвонить COM–NC обесточенного реле"
E-014,Питание,DC-гнездо питания на корпусе (вход 24 В от адаптера),Компонент,,"Kycon KPJX-PM-4S — панельное гнездо 4-pin power mini-DIN, 7,5 А/контакт, 48 В; ответная часть к штекеру R7B адаптера",Выбран,Утверждено,,1,1,1,Силовая,Панель,https://www.chipdip.ru/product/kpjx-pm-4s-dc-power-connectors-4-pn-panel-mt-mini-din-kycon-8005303752,790,0,1,790,Нет,чат 16.09 (утверждено Mikhail),"Кабель адаптера несъёмный, штекер R7B вставляется напрямую. +V и GND — по два контакта на полюс (распиновку сверить с PDF Kycon и спецификацией Mean Well). Срок поставки ChipDip 6–7 недель; проверить тип выводов (под пайку провода)"
E-015,Питание,Диод параллельно катушке реле E-013,Компонент,,1N4007 (катодом к +24),Кандидат,Предложение,,1,1,1,Силовая,PS,,0,0,1,0,Нет,чат 15.09,"Гасит выброс катушки при размыкании, бережёт контакт кнопки"
E-083,Схват,Защита линии +5 схвата (в основании),Компонент,,"Самовосстанавливающийся предохранитель (polyfuse) ~1 А (например, RXEF100 / MF-R100)",Кандидат,Утверждено,,1,1,1,Логическая,MC,,0,0,1,0,Нет,чат 15.09 (утверждено Mikhail),Функция и порог ~1 А утверждены; конкретная модель — кандидат. Требование внесено в ТЗ схвата v0.3
E-090,Канал привода,Концевой выключатель M1 — опорная метка нуля поворота платформы,Компонент,,"Микропереключатель с рычагом без ролика (тип KW11-3Z / KW12-3), SPDT, использовать NC-контакт; упаковка 5 шт.",Выбран,Утверждено,,1,1,1,Логическая,Основание,https://ozon.ru/t/CrIV1po,26,0,1,26,Нет,чат 16.09 (утверждено Mikhail),"Только на M1 (в основании, без кольца). Служит нулём: кулачок на платформе нажимает в опорном положении; пределы поворота — программные. На M2…M4 концевиков нет — ограничение по углу AS5600 и току. COM → GND_L, NC → GPIO ESP32"
E-091,Канал привода,Обвязка концевика M1,Компонент,,"10 кОм (подтяжка к 3,3 В) + 100 нФ (фильтр дребезга)",Выбран,Предложение,,2,1,2,Логическая,MC,,0,0,2,0,Нет,чат 16.09,"Вход ESP32 — GPIO48 из резерва (предложение, «Аккуратно!» в распиновке); обработка по прерыванию"
E-016,Питание,Сетевой шнур адаптера (Schuko — IEC C13),Компонент,,"REXANT 11-1121: вилка CEE 7/7 угловая — IEC 320 C13, 3×0,75 мм², 1,8 м (альтернатива: Power Cube 3×1,0 мм², 16 А)",Выбран,Утверждено,,1,1,1,Силовая,—,https://www.chipdip.ru/product/11-1121-shnur-setevoy-vilka-uglovaya-see-7-7-schuko-rexant-8518334503,0,0,1,0,Нет,чат 16.09 (утверждено Mikhail),"Вход адаптера GST220A — C14, шнур в комплект не входит; ток от сети ~1 А. Цена не заполнена; подойдёт любой имеющийся шнур от монитора/ПК"
E-017,Питание,"Клеммник силовых линий 24 В на плате PS (вход J1, выходы J3…J7)",Компонент,,"DG301-5.0-02P-12 (KLS2-301-5.00-02P-2S), Degson — клеммник винтовой на плату, 2 контакта, шаг 5,0 мм, прямой, 15 А / 300 В (UL), провод 0,75–1,5 мм² (22–14 AWG)",Выбран,Утверждено,,6,1,6,Силовая,PS,https://www.chipdip.ru/product/dg301-5.0-02p-12-kls2-301-5.00-02p-2s-klemmnik-degson-9000110359,0,0,6,0,Нет,чат 17.09 (утверждено Mikhail),"XT1 (вход, 18 AWG), XT2…XT6 (выходы +24, 20–22 AWG). По чертежу Degson 200102539: корпус 5,0×N × 7,6 × 10 мм, вывод ⌀1,0, отверстие 1,2 (в footprint 1,3), винт M2.5, момент 0,29 Н·м. Ответная часть не нужна; полярность — шёлкографией; стыкуются в ряд"
E-018,Питание,"Разъём сигнальный малого тока на PS (LED панели XP4, питание подсветки KH XP5)",Компонент,,"JST B2B-XH-A (LF)(SN) — вилка прямая на плату, серия XH, 2,5 мм, 2 контакта, 3 А",Выбран,Утверждено,,2,1,2,Силовая,PS,https://www.chipdip.ru/product/b2b-xh-a-lf-sn-razem-shtyrevoy-na-platu-2.5-mm-2-jst-9000015961,0,0,2,0,Нет,чат 17.09 (утверждено Mikhail),"XP4 (LED «+5P есть» E-008), XP5 (+24 на подсветку кнопки KH E-024, кабель к кнопке). Ответная часть на кабель: корпус XHP-2 + контакты SXH-001T-P0.6 ×2 — докупить к каждому разъёму. Тот же тип — на LR и MC"
E-019,Питание,"Разъём питания логики PS → MC (+5P XP2, +5 остров XP3)",Компонент,,"JST B2P-VH — вилка прямая на плату, серия VH, 3,96 мм, 2 контакта, 10 А",Выбран,Утверждено,,2,1,2,Граница,PS,https://www.chipdip.ru/product/b2p-vh,0,0,2,0,Нет,чат 17.09 (утверждено Mikhail),"XP2 (+5P → MC), XP3 (+5 остров → MC, с выхода U2). Ответная часть на кабель: корпус VHR-2N + контакты SVH-21T-P1.1 ×2 (18–22 AWG) — докупить к каждому разъёму"
E-092,Питание,Разъём кнопки питания на PS (XP1: контакт катушки + подсветка),Компонент,,"JST B4B-XH-A (LF)(SN) — вилка прямая на плату, серия XH, 2,5 мм, 4 контакта, 3 А",Выбран,Утверждено,,1,1,1,Силовая,PS,https://www.chipdip.ru/product/b4b-xh-a-lf-sn-razem-shtyrevoy-4-kontakta-2.5mm-na-jst-9000628021,0,0,1,0,Нет,чат 17.09 (утверждено Mikhail),"XP1: 1 — катушка K1 (A2), 2 — GND_P (контакт кнопки замыкает 1–2), 3 — подсветка GND_P, 4 — подсветка +24V после реле. Ответная часть на кабель: корпус XHP-4 + контакты SXH-001T-P0.6 ×4 — докупить. Цена не заполнена"
E-093,Питание,Конденсатор фильтра +5P (C1),Компонент,,"Электролитический 470 мкФ 16 В, 105 °C, low ESR, ⌀8 мм, шаг 3,5 мм (любой производитель)",Только функция,Утверждено,,1,1,1,Силовая,PS,,0,0,1,0,Нет,чат 17.09 (утверждено Mikhail),Footprint CP_Radial_D8.0mm_P3.50mm; «+» — вывод 1. Конкретную марку выбрать при закупке
E-094,Питание,Конденсатор фильтра +5P (C2),Компонент,,"Керамический 0,1 мкФ 50 В X7R, выводной, шаг 5 мм",Только функция,Утверждено,,1,1,1,Силовая,PS,,0,0,1,0,Нет,чат 17.09 (утверждено Mikhail),Footprint C_Disc_P5.00mm. Конкретную марку выбрать при закупке
