Узел,Тип позиции,Определённость,Статус,Сторона,Размещение,Да/Нет
Питание,Модуль,Выбран,Утверждено,Силовая,MC,Да
Контроллер,Компонент,Кандидат,Предложение,Логическая,PS,Нет
Канал привода,Внутри модуля,Только функция,Уточняется,Граница,CH,
Режим ЛР,,,,—,LR,
I2C/датчики,,,,,GR,
Индикация,,,,,Панель,
Схват,,,,,Корпус,
Кольцо/провода,,,,,Основание,
,,,,,Звено,
,,,,,Схват,
Списки используются проверкой данных на листе «Компоненты». Добавляя значение — дописывай сюда.,,,,,—,
,,,,,"Коды плат: MC — главная (контроллер), PS — питание, CH — канал привода (×4+1), LR — панель ЛР, GR — схват",
