ID,Название модуля,Узел,Статус,Что уже на плате (см. «Внутри модуля»),Что нужно рядом на нашей плате,"Нужно, шт.","Есть, шт.",Докупить,Ссылка
E-001,"Mean Well GST220A24-R7B (внешний адаптер 24 В, 221 Вт)",Питание,Утверждено,"Сетевой вход C14, защиты КЗ/перегрузки/перенапряжения/перегрева, индикатор, штекер DIN 4-pin","DC-гнездо E-014, предохранитель 10 А E-003, реле E-013 + диод E-015, кнопка E-002",1,0,1,https://www.chipdip.ru/product/gst220a24-r7b-blok-pitaniya-24b-9.2a-221vt-mean-well-9000420376
E-007,XL4015E 24→5P,Питание,Утверждено,"XL4015E, дроссель, диод, подстроечник","фильтр +5P, индикатор",1,0,1,https://ozon.ru/t/v0TomWG
E-020,YD-ESP32-S3 DevKit,Контроллер,Утверждено,"ESP32-S3-WROOM N16R8, LDO 3,3 В, CH343, USB-C ×2, кнопки BOOT/RST","подтяжки I2C, гребёнки",1,1,0,https://ozon.ru/t/Wcg9F9p
E-022,CJMCU-9548 (TCA9548A),I2C/датчики,Утверждено,"TCA9548A, подтяжки адресных входов","10 кОм на RST, питание 3,3 В",1,1,0,https://ozon.ru/t/QWYQvBC
E-030,DRV8871 модуль,Канал привода,Уточняется,"DRV8871, конденсатор VM, клеммники","6N137 ×2 с резисторами и подтяжками, реле HF49FD",4,4,0,https://ozon.ru/t/tPvFr4r
E-038,ACS712-20A модуль,Канал привода,Утверждено,"ACS712ELCTR-20A, фильтр, клеммник",делитель 10к/20к на выход (предложение),4,4,0,https://ozon.ru/t/1fZ9B9H
E-042,AS5600 модуль,I2C/датчики,Утверждено,"AS5600, подтяжки I2C (проверить), магнит","реле NRP-02 ×2 на SDA/SCL, питание с острова",4,4,0,
E-070,Pogo магнитный 2-pin,Схват,Уточняется,—,4 пары на 7 контактов,4,0,4,https://market.yandex.ru/cc/AwZszU
Количества подтягиваются с листа «Компоненты» по ID (формулы INDEX/MATCH). Состав «что на плате» — текст; детализация — строки типа «Внутри модуля» на листе «Компоненты».,,,,,,,,,
