ID,Узел,Что было предложено / стояло в реестре,Чем заменено,Причина,Дата решения
R-001,Питание,Ступени DC-DC 24→12 В и 12→5 В (LM2596 → LM2672),XL4015E 24→5P напрямую,"DRV8871 питается от 24 В, 12 В не нужны",14.09.2026
R-002,Режим ЛР,"Второй B0505S-1W в цепи KH + делитель 2×500 Ом → ESP-KH 2,5 В",Оптрон (PC817 — предложение),"Уровень 2,5 В на границе порога ESP32; изолированный DC-DC ради одного сигнала избыточен",14.09.2026
R-003,Канал привода,КР293КП2Б на входах IN1/IN2 драйвера,6N137,Время переключения ~1 мс не пропускает PWM 20 кГц,14.09.2026
R-004,Индикация,Красный LED + 50 Ом напрямую с GPIO ESP32 (ESP-Mx-VD ×4),Двухцветные LED через PCF8574,50 Ом → 26 мА с GPIO (выше нормы); экономия выводов,14–15.09.2026
R-005,Режим ЛР,Тумблер REXANT как переключатель KH,Кнопка с фиксацией и подсветкой 24 В,Решение по эргономике (фото),14.09.2026
R-006,Схват,Собственный изолированный DC-DC в схвате из +24 В для логики,Логика схвата от изолированных +5 основания,Потребовал бы изолятора UART в основании,14.09.2026
R-007,Схват,CAN / I2C как интерфейс до схвата,"UART (RX/TX, 3,3 В TTL)",Проще; 6 проводов,14.09.2026
R-008,Канал привода,"Канал привода M5 в основании (5-й DRV8871, ACS712, канал мультиплексора)","Электроника M5 в съёмном схвате, данные по UART",Схват — съёмный модуль с собственной электроникой,14.09.2026
R-009,Канал привода,Оптроны 4-выводные ×20 на каждый PWM (схема курсового проекта),6N137 ×8 + КР293КП2Б ×4,Зачёркнуто на доске; заменено рукописной схемой,доска
R-010,I2C/датчики,Питание TCA9548A от +5 В,"3,3 В","Порог входов 0,7·VCC = 3,5 В — не видит уровни ESP32",15.09.2026
R-011,Контроллер,USB через мост CH343 (UART0) как основной канал к ПК,Родной USB ESP32-S3 (GPIO19/20),Решение Mikhail; CH343 — запасной вариант,15.09.2026
R-012,Канал привода,Мотор StepperOnline FGA-43246000-G149 как утверждённый,Двигатель не определён (кандидат сохранён),"Под 4,5 А ном. / ~20 А стоп. не проходят DRV8871, HF49FD 5 А, БП 200 Вт",14.09.2026
R-013,Питание,B0505S-1W ×4 для питания острова,Один изолированный модуль 2–3 Вт (предложение),Бюджет острова 280–400 мА; параллелить 1-ваттные нецелесообразно,14.09.2026
R-014,Режим ЛР,PC817 как оптрон сигнала KH → ESP32 (E-026),"КР293КП2Б из запаса (реестр 12 шт., нужно 4)","Сигнал статический, скорость не нужна; КР293КП2Б уже куплены — новая позиция не требуется",15.09.2026
R-015,Питание,SMBJ28A как TVS шины 24 В (с доски),SMCJ26A,Ограничение SMBJ28A (~45 В) выше предела XL4015E (38 В); SMCJ26A мощнее и ограничивает ниже,15.09.2026
