Сводка по базе компонентов (формулы по листу «Компоненты»),,,,
Статус решения,Позиций,Всего шт.,Докупить шт.,"Стоимость докупки, ₽"
Утверждено,57,193,167,18644
Предложение,0,0,0,0
Уточняется,5,15,7,600
Итого,62,208,174,19244
Узел,Позиций,Всего шт.,Из них уточняется,"Стоимость докупки, ₽"
Питание,20,27,0,7367
Контроллер,2,3,0,0
Канал привода,15,71,0,9822
Режим ЛР,9,65,0,1455
I2C/датчики,5,18,1,0
Индикация,3,13,0,0
Схват,5,8,3,600
Кольцо/провода,3,3,1,0
Итого,62,208,5,19244
Определённость названия,Позиций,,,
Выбран,53,,,
Кандидат,2,,,
Только функция,7,,,
Тип позиции,Позиций,Всего шт.,,
Модуль,8,20,,
Компонент,50,168,,
Внутри модуля,4,20,,
Позиций с пометкой «Аккуратно!»,8,,,
Отклонённых решений (лист «Отклонено»),16,,,
Открытые вопросы: на листе «Компоненты» фильтр Статус = «Уточняется» или Определённость = «Только функция». Что докупать: фильтр Докупить > 0.,,,,
